First Name,Last Name,Email
Kristine,Pittman,ulam@yahoo.com
Andrew,Hudson,james55@hotmail.com
Lisa,Ward,frankwilliams@hotmail.com
Nathan,Davis,gregory90@vincent.net
Deborah,Collins,washingtonbrian@yahoo.com
Cory,White,kimberlygoodman@gmail.com
Andrea,Kelly,rstone@bender-martinez.com
Meghan,Johnson,sspencer@reyes-mason.info
Michelle,Rodriguez,krystallarsen@hotmail.com
Tyler,Wagner,stuart92@gmail.com
Cynthia,Lopez,johnsonrachel@yahoo.com
Kimberly,Estrada,ramseywilliam@bowers.com
Shawn,Mcmahon,xfletcher@gmail.com
Jessica,Roberts,rcummings@cameron.com
Anthony,Rivas,phillipsjoseph@rodriguez.com
Nicholas,Bush,jamiewolf@hotmail.com
John,Hunt,paulsmith@yahoo.com
James,Allen,stephaniebush@french-jackson.com
Christopher,Smith,bhayes@bridges.com
Heather,King,xmiller@hotmail.com
Brooke,Clark,darrellbaker@graham-williams.com
Alexander,Bryant,lthomas@bowers.com
Benjamin,Ross,lynnamanda@estes.com
Kevin,Cook,fblair@yahoo.com
Jeremy,Diaz,michaelsnyder@jones.biz
Norma,Erickson,jenningsbrooke@collins.net
Dean,Jensen,lgrant@hotmail.com
Helen,Castro,randy24@gmail.com
Matthew,Munoz,ricediane@hill.com
Abigail,Bright,mholloway@johnson.com
Brian,Meyer,benderjohn@yahoo.com
William,Flores,dwilliams@hotmail.com
Richard,Mitchell,micheal24@yahoo.com
Brandon,Gonzalez,showard@yahoo.com
Jesse,Lee,matthewjackson@valencia-haynes.org
Ralph,Terry,suarezlisa@carter-rivers.com
William,Gould,melissa98@hotmail.com
Mary,Olson,brownmichael@garcia.biz
Steven,Crane,lopezandrea@jackson.net
Jennifer,Shea,amartinez@dean.net
Robert,Huff,mcampos@hotmail.com
Stacey,Guzman,iblankenship@hotmail.com
John,Adams,collinsdenise@hotmail.com
Tracy,Smith,melissacarpenter@spence.net
Robin,Logan,wagnercheryl@wyatt.com
Kathryn,Garrett,qburns@hotmail.com
Ana,Mccormick,rrivera@yahoo.com
Tracey,Nelson,ohess@potter-scott.info
Allen,Lopez,whitemike@hotmail.com
Holly,Waller,markdiaz@yahoo.com
Molly,Weaver,ashley67@black.biz
Lacey,Riley,davidalvarez@hughes.org
David,Rodriguez,ohaley@yahoo.com
Kimberly,Phillips,christine74@anderson.info
Kristen,Williams,taraleblanc@yahoo.com
Alexander,Cox,jonessteven@byrd-guzman.com
Lori,Mason,sean69@castaneda-clarke.com
David,Wilson,jason07@gmail.com
James,Nguyen,vincent21@gmail.com
Christine,Ballard,scottpatricia@ortiz.info
Brittany,Mcbride,amandagreen@gmail.com
Morgan,Castro,christina34@hotmail.com
Nathaniel,Silva,kathybuck@hotmail.com
Tabitha,Diaz,hunter60@yahoo.com
Kelsey,Diaz,phyllis78@yahoo.com
Kerry,Young,jamie59@martinez.com
Carl,Flores,wongholly@berg-rivas.com
Jean,Peterson,morganjennifer@gmail.com
Philip,Wilson,kristinahartman@yahoo.com
John,Watson,jamiekramer@hotmail.com
Frank,Flores,juliewilliams@steele.com
Heidi,Pineda,vgonzales@smith.biz
Christy,Paul,robert95@yahoo.com
Kenneth,Shelton,janderson@yahoo.com
Holly,Burke,johnsonjessica@gmail.com
Jesse,Hart,iannelson@hall.com
Jesse,Montgomery,sharon23@hotmail.com
Scott,Stevens,kelly50@walker-robles.com
Randy,Mckay,amy84@day.org
Blake,Lewis,stevensontaylor@henson-ross.com
Nicole,Wallace,btyler@adkins.info
Alexis,Foster,aburton@gmail.com
John,Massey,joshua78@gmail.com
Taylor,Nichols,jmarsh@hotmail.com
Joseph,Gutierrez,michael46@yahoo.com
Ricky,Lopez,crystal26@castro.net
Timothy,Chandler,lsmith@gmail.com
Amanda,Bennett,howardjohn@frank.com
Randy,Lyons,yruiz@knight.biz
Monica,Sawyer,craig22@yahoo.com
Samantha,Richmond,hreeves@gmail.com
Jessica,Wiggins,kjohnson@gmail.com
Janice,Rodriguez,rachel33@mclaughlin.biz
Gabrielle,Gordon,heidiwright@gmail.com
Matthew,Randall,matthew47@rodriguez.com
Sonia,Washington,robertandrews@hotmail.com
Carla,Smith,margaretfleming@phillips-horn.net
Charles,Howard,vpadilla@martin-brock.com
Susan,Baxter,ortiznicholas@parker.info
Tiffany,Lawson,zmorgan@walker.com
